ID,name,surname,gender,birth,death,parents,Main
Jacobo Aron -65,Jacobo,Aron,M,-65,2,,
Miriam  -45,Miriam,,F,-45,1,,TRUE
Hakim Awad -38,Hakim,Awad,M,-38,45,,
Zaara Awad -33,Zaara,Awad,F,-33,42,,
Utrecht Eijt -15,Utrecht,Eijt,M,-15,43,,
Jason  -14,Jason,,M,-14,60,,
Lea Bat-Miriam -13,Lea,Bat-Miriam,F,-13,73,Miriam,TRUE
Shareen Awad -13,Shareen,Awad,F,-13,51,"Hakim,Zaara",
Ahmed Awad -11,Ahmed,Awad,M,-11,61,"Hakim,Zaara",
Kristen Kearns -2,Kristen,Kearns,F,-2,72,,
Uriel  11,Uriel,,M,11,82,"Lea,Utrecht",TRUE
Od  11,Od,,F,11,56,"Lea,Utrecht",
Rachel  15,Rachel,,F,15,52,,
Thomas Smyth 30,Thomas,Smyth,M,30,106,,
Nora  50,Nora,,F,50,98,,
Benoni  52,Benoni,,M,52,116,"Uriel,Rachel",TRUE
Tamara  70,Tamara,,F,70,144,"Benoni,Nora",TRUE
Or-li  97,Or-li,,F,97,176,Tamara,TRUE
Moshe  123,Moshe,,M,123,212,Or-li,TRUE
Robin  153,Robin,,M,153,186,Moshe,TRUE
Leo  186,Leo,,M,186,246,Robin,TRUE
Sophia  214,Sophia,,F,214,253,Leo,TRUE
Henry  232,Henry,,M,232,274,Sophia,TRUE
Tamil  249,Tamil,,F,249,338,Henry,TRUE
Oto  249,Oto,,M,249,338,,
Batoto  287,Batoto,,F,287,363,"Tamil,Oto",TRUE
Martin  313,Martin,,M,313,371,Batoto,TRUE
Janet  340,Janet,,F,340,427,Martin,TRUE
Isaac  368,Isaac,,M,368,465,Janet,TRUE
Arthur  401,Arthur,,M,401,470,Isaac,TRUE
Maya  -45,Maya,,F,-45,80,,
Jacob Ben Abraham -44,Jacob,Ben Abraham,M,-44,51,,
Mundumugu  -66,Mundumugu,,M,-66,8,,
David Spitzer 12,David,Spitzer,M,12,86,,
Ken  Copeland 44,Ken ,Copeland,M,44,98,,
