ID,event,year,participants,Notes
(-32) Construction of Exodus begins,Construction of Exodus begins,-32,"Miriam,Maya",
(-11) Miriam Boarding Exodus,Miriam Boarding Exodus,-11,"Miriam,Lea,Maya,Jacob", # Solar system Exposition
(0) DEPARTURE,DEPARTURE,0,"Jacobo,Lea",
(1) Tale of Lea: AlMakdhal,Tale of Lea: AlMakdhal,1,"Jacobo,Lea,Hakim,Ahmed,Zaara,Shareen",
(1) Tale of Lea: Migration,Tale of Lea: Migration,1,"Jacobo,Lea,Hakim,Ahmed,Zaara,Shareen",
(3) Tale of Lea: Lea’s test,Tale of Lea: Lea’s test,3,"Lea,Hakim,Ahmed,Zaara,Shareen",
(7) Tale of Lea: The beggar,Tale of Lea: The beggar,7,"Utrecht,Lea,Hakim,Ahmed,Zaara,Shareen",
(8) Tale of Lea: Journey,Tale of Lea: Journey,8,"Utrecht,Lea,Hakim,Ahmed,Zaara,Shareen,Mundumugu",
(31) Uriel: Bottling Light,Uriel: Bottling Light,31,"Uriel,Lea,Utrecht,Od,Kristen",
(32) Uriel: Growing Light,Uriel: Growing Light,32,"Uriel,Lea,Utrecht,Od,Kristen",
(52) Dies giving birth Genesis 35:18,Dies giving birth Genesis 35:18,52,Rachel,
(72) Tale of the WormChaser,Tale of the WormChaser,72,"Benoni,Lea,Nora,Tamara,Thomas",
(73) Lea last elders meeting,Lea last elders meeting,73,Lea,are humans renewable resources?
(75) The tale of Benoni,The tale of Benoni,75,"Benoni,Nora,Tamara","Benoni discovers there was life in the target planet, course slightly modified to sterilize it with front ablator"
(102) Civil War I,Civil War I,102,Tamara,"Becomes secular, Extremism v religious, ends in truce"
(148) Civil War II,Civil War II,148,Or-li,Secularism is prosecuted
(155) Decrease of front ablator,Decrease of front ablator,155,Moshe,
(186) Micrometeorite collision,Micrometeorite collision,186,Moshe,
(200) Renaissance,Renaissance,200,Moshe,
(240) Capitalism emerges,Capitalism emerges,240,Leo,
(270) Seed probe release,Seed probe release,270,Tamil,
(270) Turning Point,Turning Point,270,Tamil,
"(312) Overpopulation, Ecoterrorism, the missing CO2","Overpopulation, Ecoterrorism, the missing CO2",312,Batoto,
"(334) First atmospheric readings, conflict with Tamil","First atmospheric readings, conflict with Tamil",334,Martin,
(340) Raise of environmentalism,Raise of environmentalism,340,Martin,
(450) ARRIVAL,ARRIVAL,450,Arthur,
(450) First Landing,First Landing,450,Arthur,
